開発概要,アルバイト・パートから提出されたシフト希望をもとに、管理者がシフト表を作成・確定するWebアプリケーション。
開発要件,"・従業員がシフト希望を登録・編集・削除できること
・シフト希望として、勤務日・開始時刻・終了時刻を登録・保存できること
・従業員は自分が登録したシフト希望のみを一覧で確認・編集できること
・管理者が従業員情報を登録・編集・削除できること
・管理者が全従業員のシフト希望を一覧で確認できること
・管理者が提出されたシフト希望をもとに、シフトの割り当てを確定できること
・シフト表を日付と従業員の一覧形式で確認できること
・部署や期間による絞り込みができること
・週の切り替えや承認操作が、画面遷移なしで反映されること
・ログインした利用者の権限に応じて、利用できる機能が制限されること
・ブラウザから利用できること"
機能要件,"【画面一覧】
S01 ログイン画面
S02 シフト希望入力画面（従業員）
S03 シフト希望一覧画面（管理者）
S04 シフト表確定画面（管理者）
S05 従業員管理画面（管理者）

【機能一覧】
F01 ログイン／ログアウト
　　メールアドレスとパスワードで認証し、ログイン状態を保持する
F02 シフト希望登録（Create）
　　勤務日・開始時刻・終了時刻を指定して希望を登録する
F03 シフト希望一覧表示（Read）
　　従業員は自分の希望のみ、管理者は全従業員の希望を表示する
F04 シフト希望編集（Update）
　　登録済みの希望内容を変更する
F05 シフト希望削除（Delete）
　　登録済みの希望を取り消す
F06 従業員登録（Create）
　　氏名・メールアドレス・所属部署・雇用形態を登録する
F07 従業員情報編集（Update）
　　登録済みの従業員情報を変更する
F08 従業員削除（Delete）
　　退職者などを削除する（過去のシフト履歴は保持する）
F09 シフト割り当て確定（Update）
　　提出された希望に対し、管理者が確定または却下を設定する
F10 シフト表表示（Read）
　　日付と従業員のマトリクス形式でシフト表を表示する
F11 絞り込み表示（Read）
　　部署や期間を指定して表示対象を絞り込む
F12 週切り替え（非同期）
　　画面遷移なしで表示する週を切り替える
F13 権限制御
　　ログイン中の利用者の権限に応じて利用可能な機能を制限する"
開発スケジュール,開発工数80h / 終了予定9月30日
UIイメージ,あり
補足,"・シフト表の割り当ては自動生成ではなく、
管理者による手動割り当てを前提とする
（実装期間内での現実的な範囲とするため）"